seed,arm,epoch,steps,mean_loss,mean_native_box,mean_q,mean_geo
42,B2,1,83,282.17112750317676,281.79063764824923,0.3804891572659274,0.2808074024786432
42,B2,2,83,275.92658757588947,275.54518384818573,0.38140449681913996,0.27516723864049797
42,B2,3,83,275.000878023814,274.6203354065677,0.3805435597896576,0.27428443999175567
42,B2,4,83,273.25497528443856,272.87462496470255,0.38034902602793225,0.27288537643041955
42,B2,5,83,272.6839932361281,272.30299653202655,0.3809972337211471,0.2724430088896349
42,B2,6,83,272.4589827204325,272.0779681837702,0.38101479267499533,0.27210796453866615
42,B2,7,83,272.02459808717293,271.6447518589985,0.37984514415982257,0.2717018026903451
42,B2,8,83,272.55236559029083,272.1716113722468,0.3807529756821782,0.27258836576737555
42,B2,9,83,272.0230144822454,271.6420744011201,0.3809391109340162,0.2717541046889432
42,B2,10,83,271.3905968723527,271.01018827507295,0.3804083775324994,0.27115318574101094
42,B2,11,83,271.3526966140931,270.9720028796828,0.3806944507432271,0.2709026386938899
42,B2,12,83,271.17424323759883,270.79356053363847,0.3806829718222101,0.27110384243080415
42,B2,13,83,270.92276699571727,270.5426117311041,0.38015612816236105,0.2706691723272025
42,B2,14,83,271.5307096917945,271.1501374761742,0.38057331327932425,0.27123222652688084
42,B2,15,83,270.6386075307088,270.258566798934,0.3800409421863326,0.270465219236282
42,B2,16,83,270.48646876323653,270.1064537691783,0.38001575132450427,0.2704990674932319
42,B2,17,83,270.88522963926016,270.50532494970116,0.37990351793277694,0.2708135347768485
42,B2,18,83,270.8848996449666,270.50451163786005,0.38038870297282573,0.27093170708920583
42,B2,19,83,270.20355757747785,269.82351169815985,0.38004524521080846,0.2699036831597248
42,B2,20,83,269.6161089058382,269.23608894807745,0.3800189164747675,0.2694982929402087
42,B2,21,83,269.9233446236116,269.5433533450207,0.3799913198833006,0.2697739967380662
42,B2,22,83,270.1355612881212,269.7558906279414,0.37967209715441047,0.26994349116302396
42,B2,23,83,269.45399548633986,269.0744491025626,0.3795469209372279,0.26929945256336624
42,B2,24,83,269.3108753985669,268.9312918789415,0.37958483344101046,0.269122827483947
42,B2,25,83,269.2841350141778,268.9043481665922,0.3797884630151542,0.26924681699419595
42,B2,26,83,269.8766041951007,269.49699843073466,0.3796076160597514,0.2699639696672738
42,B2,27,83,268.615791596562,268.2368732130671,0.37892102082091644,0.26858440113354876
42,B2,28,83,269.86315237757674,269.48495354709854,0.37819675796003227,0.2698699124606259
42,B2,29,83,270.10309481333536,269.7239155596997,0.3791777976306088,0.26992418679846336
42,B2,30,83,269.8059594947172,269.4273222038545,0.37863697021840564,0.26969896149204436
42,B2,31,83,269.12184584284404,268.74237226003623,0.37947374366852177,0.26892467166285916
42,B2,32,83,269.2934667748141,268.9144579416298,0.37900998972984684,0.26935909885958015
42,B2,33,83,269.72727230945264,269.34864329142744,0.37862963238394404,0.2696193496146834
42,B2,34,83,270.18788661726984,269.80891730986446,0.3789682657603758,0.27001710074493684
42,B2,35,83,269.6414611081043,269.2629990175546,0.3784610980964569,0.2696402370929718
42,B2,36,83,269.3859192262213,269.00745290733244,0.37846656089805697,0.26935854715755186
42,B2,37,83,269.5873152031956,269.2090790530285,0.37823655267795886,0.26970629052943496
42,B2,38,83,268.6509974835867,268.27226349244637,0.37873443817517843,0.2685159292206707
42,B2,39,83,270.36823612810616,269.98997497558594,0.37826128573302764,0.2703651153897665
42,B2,40,83,268.3732286935829,267.99467505029884,0.3785541330475405,0.2682332278016102
42,B2,41,83,270.03090290850906,269.6527665839138,0.37813596086329726,0.2699852779687169
42,B2,42,83,268.25827927187265,267.88038249188156,0.3778978148138667,0.2681634239403598
42,B2,43,83,268.6443271866764,268.2662346161992,0.3780928412115718,0.2683793722865093
42,B2,44,83,269.46629682793673,269.0890271290239,0.3772684637322483,0.2694625017872776
42,B2,45,83,268.19294224015204,267.8146790653826,0.3782630674092166,0.2681086469127471
42,B2,46,83,269.1383047448583,268.7605960340385,0.37770897580916624,0.2689692049500454
42,B2,47,83,269.0203958534333,268.6427946895002,0.3776005463427808,0.26896821913948976
42,B2,48,83,268.7854932302452,268.4072100168251,0.3782828794904502,0.2685430434094854
42,B2,49,83,269.1129755226963,268.7346752120788,0.37830023700932425,0.2689160151653979
42,B2,50,83,269.050901665745,268.67305948648107,0.37784176274954556,0.2690453899193959
42,AXIS,1,83,317.4625593438206,281.7660309205572,0.3804800478090723,0.3233330583716013
42,AXIS,2,83,310.61889427828504,275.55695591202704,0.38139709507126407,0.31752446616988583
42,AXIS,3,83,309.62637696783224,274.652082144496,0.3805811128702508,0.3167200964617442
42,AXIS,4,83,307.69054403649756,272.91985256700633,0.3802502819572587,0.31486621570874407
42,AXIS,5,83,306.9370926087161,272.22553795504285,0.3809290718601411,0.31431482139840183
42,AXIS,6,83,306.7781030126365,272.08986617858153,0.38093269302184324,0.314100028161543
42,AXIS,7,83,306.1886629771037,271.5514614610787,0.37976690408695174,0.3136478113122733
42,AXIS,8,83,306.85237948865773,272.1194987469409,0.3808022805725236,0.31450677205281086
42,AXIS,9,83,306.34020297498586,271.67545677093136,0.3810398880257664,0.31388662988881033
42,AXIS,10,83,305.6120598115117,271.02065488516564,0.3803859730082822,0.3132173085069082
42,AXIS,11,83,305.43589801098926,270.891873095409,0.3807418852685446,0.3127885478806783
42,AXIS,12,83,305.33427925569464,270.7851097382695,0.3806365818144327,0.31283004958945587
42,AXIS,13,83,305.1054852956749,270.58790974444656,0.3802145188113293,0.3125469921583153
42,AXIS,14,83,305.74458551981365,271.14667317953456,0.38064788228057955,0.3132785167320665
42,AXIS,15,83,304.85698433381964,270.37098160709246,0.38005013422793654,0.3122586159102888
42,AXIS,16,83,304.68246607033603,270.18743602339043,0.3800969762974475,0.31233741432787426
42,AXIS,17,83,304.9593836772873,270.426224674087,0.37983124047876843,0.3126949240644294
42,AXIS,18,83,305.0575565200254,270.493824234928,0.38041997386748533,0.31297025084495544
42,AXIS,19,83,304.2941243734704,269.86534026731925,0.3799776542617614,0.3117297841123788
42,AXIS,20,83,303.50635831901826,269.150446512613,0.3801592071372342,0.3110601521400084
42,AXIS,21,83,304.0081614298993,269.60871923975196,0.38002919253096523,0.3114650895796626
42,AXIS,22,83,304.2066723926958,269.7730924307582,0.3797223370477378,0.31178200819406166
42,AXIS,23,83,303.4516123576337,269.0955957619541,0.379603127758187,0.3110761678362467
42,AXIS,24,83,303.21113825418865,268.89010252435526,0.37948762939636965,0.3107560873031616
42,AXIS,25,83,303.2494848779885,268.9150206784168,0.3796550556119666,0.3108717339584626
42,AXIS,26,83,303.95842770496046,269.5328409585608,0.3796403849699411,0.311700997223337
42,AXIS,27,83,302.332127582596,268.1153805284615,0.3788761094392064,0.3098007171268923
42,AXIS,28,83,303.9233133706702,269.49809246752636,0.3781433091106185,0.3117137759564871
42,AXIS,29,83,304.1789238251836,269.7560775940677,0.37902147726840285,0.31168519517025317
42,AXIS,30,83,303.87569896284356,269.4727873285133,0.37845524355589627,0.3115119948444596
42,AXIS,31,83,303.02104058323135,268.71265769866574,0.3794103085276592,0.31063765646463415
42,AXIS,32,83,303.30329729562783,268.9480151440724,0.3790570662682315,0.31106777435325716
42,AXIS,33,83,303.6239668145237,269.24808970991387,0.37867256532232446,0.31125898964433785
42,AXIS,34,83,304.29025820077186,269.84540530285204,0.379004803048559,0.31190301064985343
42,AXIS,35,83,303.5307701754283,269.16576082160674,0.37844082461782247,0.31116523584687567
42,AXIS,36,83,303.339406944183,268.9743635798075,0.3783584854688989,0.3111707887735711
42,AXIS,37,83,303.6395307793675,269.24394740828546,0.3783358874091183,0.31145593093102236
42,AXIS,38,83,302.5329542045134,268.27927444641847,0.37860142933316976,0.3101349774613438
42,AXIS,39,83,304.4831145872553,270.01262214384883,0.3781175552362419,0.31213271222918865
42,AXIS,40,83,302.29903512977694,268.05857003453264,0.3785774984273566,0.31003230271569215
42,AXIS,41,83,303.94752594361825,269.5281438253012,0.37816409712814425,0.31166452420763224
42,AXIS,42,83,302.0768491446254,267.8703107718962,0.37790839427925016,0.3097101238118597
42,AXIS,43,83,302.59102731727694,268.3352628041463,0.37791732743561984,0.31017106663749877
42,AXIS,44,83,303.6432719403003,269.26174375235314,0.3772669305284339,0.3113238517060337
42,AXIS,45,83,302.06252610539815,267.8747042001012,0.37833024220294265,0.3095513797668089
42,AXIS,46,83,303.0729550281203,268.76922515501457,0.3776099778801562,0.31061377403247786
42,AXIS,47,83,303.06031854468654,268.7342099109328,0.3774632689464523,0.31081961544163256
42,AXIS,48,83,302.56269670969033,268.31490849874103,0.3783407613455531,0.31009289837745296
42,AXIS,49,83,303.16363709231456,268.85934797539767,0.3782428100884679,0.3106161610907819
42,AXIS,50,83,302.9592696959714,268.6403698289251,0.37783935307020167,0.31074552543192024
43,B2,1,83,280.7707335690418,280.3900043533509,0.3807286070771964,0.2795563789017229
43,B2,2,83,275.01877897331514,274.6384060411568,0.38037383053676194,0.2747668975807098
43,B2,3,83,274.46324911462256,274.0822989222515,0.3809497704706996,0.2738757707986487
43,B2,4,83,273.506757069783,273.125804671322,0.3809531751167343,0.27309427814311293
43,B2,5,83,273.71992805205196,273.3393424160509,0.38058557962796774,0.27328204785484866
43,B2,6,83,272.5664420989622,272.18585205078125,0.38059086505189,0.2722501327474433
43,B2,7,83,272.062920443983,271.6820388242423,0.38088253248168763,0.27203554920403356
43,B2,8,83,271.7421518348786,271.36115604998116,0.38099617699542676,0.27184352889118424
43,B2,9,83,271.8378908088408,271.45661687276447,0.3812752936977938,0.2715979782213648
43,B2,10,83,271.58606839467245,271.20519798922254,0.3808697971952967,0.2713270162243441
43,B2,11,83,271.7579689485481,271.3777320586055,0.38023690286889134,0.2714655318533082
43,B2,12,83,271.33704789862577,270.95720222197383,0.3798453743199268,0.2714250385761261
43,B2,13,83,271.65610733951434,271.27540202313156,0.38070490381803856,0.27153897464993487
43,B2,14,83,271.16698042168673,270.78693086555205,0.38004767212523033,0.27088468907827357
43,B2,15,83,271.0328729468656,270.6532570712538,0.37961565550551357,0.2707153583865568
43,B2,16,83,270.43767961249296,270.0570722832737,0.38060735830341474,0.2701764367071979
43,B2,17,83,269.6928418630577,269.3128123455737,0.3800285986389022,0.26951644147735043
43,B2,18,83,269.821264979351,269.441627410521,0.37963708229811793,0.26982425296881113
43,B2,19,83,271.5371176478374,271.1572116713926,0.37990723352834405,0.27135665948132437
43,B2,20,83,270.1050869125918,269.72477777320216,0.3803069961358266,0.26996663571840307
43,B2,21,83,269.2969777670251,268.91808309899756,0.3788953057254653,0.2689681677933199
43,B2,22,83,270.57467706519435,270.19465765895615,0.38001893730048675,0.2704420251300536
43,B2,23,83,269.57362365722656,269.19439605345207,0.37922697253974086,0.26964715302708636
43,B2,24,83,270.4284320509577,270.0487601038921,0.37967399480831193,0.27025845108262025
43,B2,25,83,270.593676647508,270.2142343176417,0.37944240060197304,0.27041709566690836
43,B2,26,83,269.5756926019508,269.19683451824875,0.3788573759866048,0.26939114389649355
43,B2,27,83,269.67117144113564,269.2918388642461,0.37933215893894795,0.2695303482104497
43,B2,28,83,269.5076979671616,269.12848543833536,0.3792139812406287,0.2695299562919571
43,B2,29,83,268.6835748143943,268.3044565959149,0.3791175215359194,0.26869461478957213
43,B2,30,83,269.4500327972044,269.07150525931854,0.378529231591397,0.26939026778002817
43,B2,31,83,269.2776980112834,268.89842334425595,0.37927425877157467,0.26899729004825457
43,B2,32,83,268.8004187158791,268.4217922716256,0.3786268352744091,0.26872519879456025
43,B2,33,83,269.77670894760683,269.39782935452746,0.37888021138777217,0.2697789518229933
43,B2,34,83,269.52181712690606,269.14300610645705,0.37881127323012753,0.26961603545280827
43,B2,35,83,270.30830236228115,269.92974210072714,0.37856041020657644,0.2701164871813303
43,B2,36,83,268.9433630518166,268.56486603150887,0.3784958292920905,0.26895885959447147
43,B2,37,83,269.73170195430157,269.35303157208915,0.37867028598325797,0.26959934184350165
43,B2,38,83,269.5763740999153,269.19788277867326,0.3784903237618596,0.2697490326252328
43,B2,39,83,268.46132687488233,268.0825958251953,0.378731395824846,0.2684412577066077
43,B2,40,83,268.71842074106974,268.33964042203974,0.37878048491765215,0.2685370865356491
43,B2,41,83,268.7331756224115,268.3548822977457,0.37829200330987034,0.26857310156506226
43,B2,42,83,269.1484558840832,268.76979322318573,0.37866263827645635,0.2689400532518525
43,B2,43,83,268.8648847097374,268.48689509012615,0.37798925013427276,0.2688115339681327
43,B2,44,83,269.453807049487,269.07635148749296,0.3774551264492862,0.2693317335054099
43,B2,45,83,268.3092996987952,267.9312505147543,0.3780495492090662,0.26793102973915006
43,B2,46,83,268.4424125947148,268.06464909932697,0.37776427419788866,0.2685782033276845
43,B2,47,83,269.25033918633517,268.8724324789392,0.377905825893563,0.26920902729034424
43,B2,48,83,269.2449401487787,268.8665815606175,0.37835811635097827,0.26905446706047975
43,B2,49,83,269.09840319530076,268.7210630853492,0.37733932790986024,0.2690719267330974
43,B2,50,83,268.74269894519483,268.3649297507412,0.3777705441756421,0.2687239937753563
43,AXIS,1,83,315.9426670304264,280.39772566829816,0.38073301028056317,0.32194497714559717
43,AXIS,2,83,309.6251900914204,274.625585716891,0.3803994827959911,0.3169550956731819
43,AXIS,3,83,308.9600664621376,274.0738788283015,0.3809801322149943,0.315909763416612
43,AXIS,4,83,307.9813581719456,273.17520785044474,0.3809331422110638,0.31517812466046896
43,AXIS,5,83,308.21290018472325,273.37591626270705,0.3806142487439765,0.3154671378882535
43,AXIS,6,83,306.90036819641847,272.1968904058617,0.3805638465536646,0.3142426380191941
43,AXIS,7,83,306.387109595609,271.7119317112199,0.3808449682701065,0.3139783880078649
43,AXIS,8,83,306.1248540303793,271.4495242934629,0.3809729477009141,0.31397985191230315
43,AXIS,9,83,306.13219258871425,271.50069252841445,0.3812464152474001,0.3135736997587135
43,AXIS,10,83,305.8052426993129,271.22262830619354,0.3808565236717822,0.3131343539220741
43,AXIS,11,83,305.92777151084806,271.3261624991176,0.3802737618785307,0.3133114041334175
43,AXIS,12,83,305.4713484063206,270.87878840802665,0.37986174584871313,0.3132400986659958
43,AXIS,13,83,305.96391976597795,271.328812564712,0.3807507929313614,0.3136148740010089
43,AXIS,14,83,305.35243500858905,270.81781759606787,0.3801841042846082,0.3127097534127982
43,AXIS,15,83,305.1619082531297,270.6313309267343,0.3796444858413145,0.31266952602260084
43,AXIS,16,83,304.6372335043298,270.16257063164767,0.3806642376514803,0.3121441943817828
43,AXIS,17,83,303.70012582066545,269.3411050819489,0.3799970713724573,0.3111007425440363
43,AXIS,18,83,303.80476397778614,269.4169704942818,0.379595846296793,0.3113629782056234
43,AXIS,19,83,305.7283200183547,271.1297954881048,0.37987932921892187,0.3132886089474322
43,AXIS,20,83,304.206055790545,269.7881429281579,0.3802846914314362,0.3116338841886406
43,AXIS,21,83,303.3232153467385,269.0031949698207,0.3788058269454772,0.31075244890638143
43,AXIS,22,83,304.72191316535674,270.2316942329866,0.38010025670729486,0.3122982285827039
43,AXIS,23,83,303.65367586066924,269.26224582166554,0.3791165096932147,0.3113973460283624
43,AXIS,24,83,304.5524983233716,270.0804801848997,0.3796030652810292,0.312131034681596
43,AXIS,25,83,304.6155884524426,270.14081545910204,0.3794052338743784,0.31216381544090177
43,AXIS,26,83,303.5369567871094,269.1912463084761,0.37887020391154,0.3109761577054679
43,AXIS,27,83,303.70096009036143,269.3115427407874,0.3792605970997408,0.3113771407719118
43,AXIS,28,83,303.5868688376553,269.1947800969503,0.3793338626982218,0.31140759192317363
43,AXIS,29,83,302.6239454889872,268.35399783950254,0.37912445147353485,0.31028573017522515
43,AXIS,30,83,303.34569062382343,269.0156580913498,0.3784397571201784,0.3108397585799895
43,AXIS,31,83,303.1409735622176,268.8549446197878,0.37923204001173916,0.31043143911534044
43,AXIS,32,83,302.7207362163498,268.4428264204278,0.37860914813466817,0.31036809984459934
43,AXIS,33,83,303.7833821859704,269.38668234951524,0.3787595766136445,0.31144878914557306
43,AXIS,34,83,303.5903143825301,269.1968839714326,0.37872679226369743,0.3114218823162906
43,AXIS,35,83,304.3920795486634,269.947407917804,0.3783866404050804,0.31189711230346956
43,AXIS,36,83,302.90525431805344,268.6054332687194,0.3785281073616212,0.31057037466979887
43,AXIS,37,83,303.6727122111493,269.3115830019296,0.37865101680698166,0.31112097257591154
43,AXIS,38,83,303.5571800140013,269.16496368775887,0.3785830890557852,0.31141423317323247
43,AXIS,39,83,302.36910532756025,268.13446596444373,0.37871887310441715,0.3099614762398134
43,AXIS,40,83,302.6977127259036,268.44126634712677,0.3788638481174607,0.31017010506377163
43,AXIS,41,83,302.6197719344174,268.3523517286921,0.37835627363388796,0.3102748943380563
43,AXIS,42,83,302.9779453507389,268.68550937147023,0.378596719129976,0.31049760745232363
43,AXIS,43,83,302.84527771731456,268.54788796298476,0.37782166700765313,0.3105510132140424
43,AXIS,44,83,303.49620515754424,269.1325959354998,0.377564460757267,0.3111641213118312
43,AXIS,45,83,302.1678683729057,267.99445131600623,0.37805698291364925,0.30941323271716936
43,AXIS,46,83,302.27910457748965,268.01255246817345,0.3776665035500584,0.3102727018925081
43,AXIS,47,83,303.3246198906956,268.972019057676,0.3778112146509699,0.31105488718274127
43,AXIS,48,83,303.34291793639403,269.02105529049794,0.3783787794141884,0.3107714757143733
43,AXIS,49,83,302.93708121058455,268.6251558970256,0.3773205693227699,0.3106920769415706
43,AXIS,50,83,302.65878442971103,268.3883137530591,0.37782803716429747,0.3103028826684837
44,B2,1,83,281.05372049722325,280.6727780261672,0.3809426347893405,0.2795197687235223
44,B2,2,83,275.3667185220374,274.986252566418,0.3804673448384526,0.275094899786524
44,B2,3,83,274.09205057534825,273.7107788453619,0.3812715080847223,0.2737204938767904
44,B2,4,83,272.5457708519625,272.16497637277627,0.38079330109688175,0.2723440104220287
44,B2,5,83,272.80158831125283,272.420796589679,0.38078995713268415,0.27246036838336163
44,B2,6,83,272.55523975785957,272.1748756500612,0.38036142774375087,0.2721109041966588
44,B2,7,83,271.3760331854763,270.9950032061841,0.38103074302156287,0.27127684958009834
44,B2,8,83,271.1360313691289,270.7555584275579,0.38047173511551086,0.27072998558182315
44,B2,9,83,271.9765586393425,271.5956687467644,0.3808897205864091,0.2716096215937511
44,B2,10,83,270.99607849121094,270.6153437602951,0.3807356274989714,0.27069739943527316
44,B2,11,83,271.3890866199172,271.0078352962632,0.3812502241996397,0.2712359525353076
44,B2,12,83,270.91222096638506,270.53143935605704,0.3807812458779438,0.2706962396581489
44,B2,13,83,269.6939404958702,269.3130222918039,0.3809193868234933,0.26953452143324425
44,B2,14,83,270.5715348576925,270.1913540392037,0.38018074021281967,0.2704297305948763
44,B2,15,83,271.3382926848997,270.95806075865966,0.3802303639521082,0.27107491263424055
44,B2,16,83,271.082544717444,270.7019554046263,0.3805888647056488,0.27086975703756494
44,B2,17,83,271.05235180222843,270.67229029643966,0.3800622867532523,0.2709613205438637
44,B2,18,83,269.41843846332597,269.0386348862246,0.3798039709947195,0.2692275090389941
44,B2,19,83,270.8677226606622,270.4877409417945,0.3799814445426665,0.2706285901816495
44,B2,20,83,269.7386233777885,269.3588666800993,0.3797565037945667,0.2694685236517205
44,B2,21,83,270.0528711525791,269.67287491028566,0.37999462255512373,0.26992328824049017
44,B2,22,83,270.4559171745576,270.07617500029414,0.379741955952472,0.2703420354659299
44,B2,23,83,269.76616512436465,269.38629959290284,0.379864370607468,0.26976936822196085
44,B2,24,83,269.99185842491056,269.61237307628954,0.37948432636548235,0.2697280860808958
44,B2,25,83,270.0475506150579,269.6679555134601,0.37959400429783097,0.2701491880488683
44,B2,26,83,270.1959097988634,269.81660148896367,0.37930740721254463,0.27007408745317574
44,B2,27,83,269.4999806967126,269.12037548386905,0.3796049535992634,0.2695521579449435
44,B2,28,83,269.98196539821396,269.6031859983881,0.37878044613872663,0.2699129495276026
44,B2,29,83,269.6201831863587,269.2413247349751,0.3788570858627917,0.2693681713328304
44,B2,30,83,269.2595690991505,268.8807544018849,0.3788148294012231,0.2693185203046684
44,B2,31,83,270.1278414439006,269.7491530452866,0.37868984564241154,0.2699338556772255
44,B2,32,83,269.6322839576078,269.25380329913406,0.37848014357578325,0.2694982085601393
44,B2,33,83,269.59807246564384,269.2191658479622,0.37890493977500733,0.26954445673758726
44,B2,34,83,269.42169722591535,269.042654566018,0.37904137444783403,0.26913889309009875
44,B2,35,83,269.8360452307276,269.45694153567393,0.379103562918054,0.2696574301604765
44,B2,36,83,269.0024471053158,268.6236910532756,0.3787570725004357,0.2688342485442219
44,B2,37,83,269.2258879879871,268.846749730857,0.3791381081184709,0.26929822366639794
44,B2,38,83,268.8160034547369,268.4372266286827,0.3787773894258292,0.2688431434602623
44,B2,39,83,269.50989835808076,269.1316248882248,0.3782726562166788,0.2693899787334074
44,B2,40,83,269.01986786256356,268.64144658467853,0.3784223615405071,0.26874983310699463
44,B2,41,83,268.61124410973974,268.2331048436912,0.37813864486763277,0.2685920134725341
44,B2,42,83,269.2927376620741,268.9147598082761,0.3779766164630292,0.26918124075395516
44,B2,43,83,268.7890172751553,268.4105509562665,0.37846556629043027,0.2686539642423032
44,B2,44,83,268.5803928605045,268.20188002988516,0.37851340835352976,0.2686645248568202
44,B2,45,83,268.99014686676395,268.6118949062853,0.3782509701797761,0.2689778585749936
44,B2,46,83,269.0321978833302,268.65385289939053,0.3783441932804613,0.2689754327377641
44,B2,47,83,267.7813869614199,267.40297947159735,0.37840704350586396,0.2678920745131481
44,B2,48,83,268.56294654938114,268.18516466991014,0.37778327551232765,0.2684428076069039
44,B2,49,83,269.1423424410533,268.7639555414039,0.378387072359223,0.2689140762191221
44,B2,50,83,269.0509360439806,268.6728423704584,0.37809388465191945,0.26900434637644205
44,AXIS,1,83,316.2745504723974,280.7295157191265,0.3809558084930282,0.32194626187703695
44,AXIS,2,83,310.05459374117567,275.00740988857774,0.3804250930447176,0.3173906975481884
44,AXIS,3,83,308.67383989081327,273.7842673795769,0.3812332296945963,0.3159415797296777
44,AXIS,4,83,306.89109342644014,272.17334186599913,0.3808413054569658,0.3143796249326453
44,AXIS,5,83,307.190765748541,272.4407473644578,0.3807857377701495,0.31466873259429473
44,AXIS,6,83,306.84948068641756,272.17701647655076,0.38036709880254355,0.3139614089425788
44,AXIS,7,83,305.6064056028803,271.0176836496376,0.3810876464269247,0.3131879700953702
44,AXIS,8,83,305.3224410091538,270.81331184111446,0.3804429607937135,0.31247178545917376
44,AXIS,9,83,306.2627199471715,271.6500326868999,0.38079709532749223,0.313416385147945
44,AXIS,10,83,305.1835551434253,270.6593769487128,0.3807069199631013,0.3126023903668645
44,AXIS,11,83,305.6051981362952,271.0192194559488,0.3812271949038448,0.3131611555455679
44,AXIS,12,83,304.97971720867844,270.4621186773461,0.3807497121483447,0.3125388414026743
44,AXIS,13,83,303.71238359198514,269.3530532653073,0.38085547556360083,0.31109012214534254
44,AXIS,14,83,304.6465413656579,270.1717794027673,0.3802944130926247,0.31215542842106647
44,AXIS,15,83,305.4920194694795,270.9403546804405,0.38012055855199517,0.3128578041691378
44,AXIS,16,83,305.1429829425122,270.6080035473927,0.3805574825011104,0.31269977358450374
44,AXIS,17,83,305.2152901155403,270.6696582472468,0.3801140767264079,0.3128077624792076
44,AXIS,18,83,303.3821469961879,269.0488104762801,0.3797049375183611,0.3108648643436202
44,AXIS,19,83,305.0268161268119,270.4970739893166,0.3800070267843913,0.3126566323889307
44,AXIS,20,83,303.6077388165945,269.2636599253459,0.37978668995650416,0.31096197180001134
44,AXIS,21,83,304.05836946418486,269.6377162703549,0.37989876966878594,0.31165885027632656
44,AXIS,22,83,304.56824392295744,270.0840090096715,0.3797346489975251,0.31224469248070774
44,AXIS,23,83,303.854491084455,269.4441072395049,0.38003470991031235,0.31156304299113263
44,AXIS,24,83,304.00395515166133,269.6020232051252,0.37933360848082115,0.3114941102194499
44,AXIS,25,83,304.16865852080196,269.7073029667498,0.3796767111284187,0.31203746903373536
44,AXIS,26,83,304.30770506341776,269.8753242952278,0.3792657611599888,0.31177860821586056
44,AXIS,27,83,303.4314622993929,269.05438581719454,0.37953595081007624,0.3112655587225075
44,AXIS,28,83,304.16872654190985,269.7264321568501,0.3787945889564882,0.3118712047496474
44,AXIS,29,83,303.63602272860976,269.27914778008517,0.3788542517696519,0.31108371105538796
44,AXIS,30,83,303.2916770843138,268.9451354612787,0.37884000051452454,0.31099081398492834
44,AXIS,31,83,304.190428584455,269.7642787335867,0.3786351630486638,0.31172124592654676
44,AXIS,32,83,303.5461341214467,269.1893317900508,0.3784310896712613,0.31108173584363547
44,AXIS,33,83,303.61076226291885,269.23381189553135,0.37889108061790466,0.31126486572874595
44,AXIS,34,83,303.4513307134789,269.11444551398955,0.37900637144065763,0.31090128960379637
44,AXIS,35,83,303.58201874882343,269.2383270263672,0.37905033309775665,0.3109659315591835
44,AXIS,36,83,302.9495195136013,268.65580271525556,0.3787413300519966,0.3105104188603091
44,AXIS,37,83,303.1336405191077,268.8000129791628,0.3789114934134196,0.3108758369842208
44,AXIS,38,83,302.7639546221997,268.46634021437313,0.37895417536597653,0.310539544705885
44,AXIS,39,83,303.5500775072948,269.17896096103163,0.3782761973070811,0.31122151412159565
44,AXIS,40,83,302.9135084037321,268.6431506053511,0.3782959724047098,0.31029849382768193
44,AXIS,41,83,302.33397555064005,268.08570586055157,0.3781288083059242,0.31008640147117245
44,AXIS,42,83,303.28104299522306,268.9241219026497,0.37798571837953776,0.3110975867294403
44,AXIS,43,83,302.6739097503294,268.4112677516707,0.37831677909357003,0.31022675102015573
44,AXIS,44,83,302.51535769543017,268.2399654158627,0.3786259810608554,0.31034452118069294
44,AXIS,45,83,302.93064898755176,268.613373170416,0.37818675838321086,0.31072975569460765
44,AXIS,46,83,302.88308384906816,268.58699403326193,0.37849551259753217,0.3105344445590513
44,AXIS,47,83,301.5225352091962,267.36967523413966,0.3783398019262107,0.3092207219227251
44,AXIS,48,83,302.36629550428273,268.12841594650087,0.3778457512338477,0.31000474669847145
44,AXIS,49,83,303.0940537050546,268.8131450974798,0.3783411850412208,0.3103919018463916
44,AXIS,50,83,302.9674914256636,268.657980861434,0.37795400296349124,0.31066332883145437
