model,class_id,class,AP50,mAP50_95,AP50,AP55,AP60,AP65,AP70,AP75,AP80,AP85,AP90,AP95
A0-R,0,Pneumonia,0.4722763605450822,0.17790334894941945,0.4722763605450822,0.40868703685988794,0.35142055646900033,0.26905700579393554,0.16190341023941784,0.07839382810088322,0.028454120062960133,0.007733285005293249,0.0011074076739575284,4.787437763309077e-07
A0-R,1,Pneumothorax,0.39535644066268183,0.18615585716381428,0.39535644066268183,0.3733426165656325,0.3393154785394475,0.29346151197824577,0.2167678471140566,0.14558791053006145,0.06575539256876656,0.02408108383063207,0.007095077082661231,0.0007952127659574469
A0-R,2,Cardiomegaly,0.9127201799890862,0.5587914586975185,0.9127201799890862,0.9127201799890862,0.88255730033996,0.8390044797117966,0.6989266492142532,0.5815205921528894,0.442436392800311,0.2358457290250456,0.07594250113095864,0.006240582621798092
A0-R,3,Aortic enlargement,0.8900772505978933,0.5331644735577228,0.8900772505978933,0.8727987498965543,0.8515855866751334,0.8261348239378636,0.7463439629334775,0.5800448777023646,0.36804980176819446,0.17185158025349134,0.02432120860837155,0.0004368932038834952
A0-R,4,Pleural thickening,0.2524660456017082,0.08381569590179158,0.2524660456017082,0.2007549777538965,0.15454643166415782,0.1159840487936129,0.07041183215406815,0.0331494332936893,0.009276842061531204,0.001347262971987615,0.0001955749193424338,2.4509803921568626e-05
A0-R,5,Pulmonary fibrosis,0.27429287021686277,0.10150833180001113,0.27429287021686277,0.23969034616793652,0.19258939575405964,0.1440903048316329,0.1029966899539222,0.036423233026056406,0.013061438424948012,0.006704521233588686,0.005228083384669208,6.435006435006435e-06
B2_seed42,0,Pneumonia,0.4641678617615262,0.1780987695804192,0.4641678617615262,0.41033334729306803,0.3450305499729997,0.26187598401350487,0.17405970950703792,0.08419766382760258,0.03253896181386182,0.008092796925125989,0.000657487356131276,3.3333333333333335e-05
B2_seed42,1,Pneumothorax,0.39633119778242926,0.18743523186479097,0.39633119778242926,0.3703703269115338,0.3404078192027888,0.29352912402845976,0.21166816815023948,0.1509521491616419,0.0759094007689273,0.028119541502419094,0.006601894553355956,0.00046269658611430766
B2_seed42,2,Cardiomegaly,0.9159953479256834,0.564556283463808,0.9159953479256834,0.9127201799890862,0.8794058113446748,0.8587015121257271,0.7195321340473743,0.5863275704928244,0.439625194966318,0.2401189248297782,0.08641412961723552,0.006722029299378913
B2_seed42,3,Aortic enlargement,0.8902726123077733,0.5371058578106083,0.8902726123077733,0.8731594544672127,0.8515550299070076,0.8262164983998257,0.7528855631197505,0.5791527836292288,0.39919359279969685,0.16705473834861578,0.031310940016081715,0.0002573651108904336
B2_seed42,4,Pleural thickening,0.25282177525445604,0.08364526371264559,0.25282177525445604,0.20018612806409264,0.1569014308194125,0.11715105872545352,0.0698258254767858,0.029035822795361373,0.00808858602862404,0.002296242947723494,0.00014576701454648025,0.0
B2_seed42,5,Pulmonary fibrosis,0.2816967110272805,0.10286575215310918,0.2816967110272805,0.2379559282684626,0.18978897332743822,0.15581717145116997,0.10606972344903966,0.03653429142439246,0.013513623168299883,0.006757632054664672,0.0004739624098488966,4.950495049504951e-05
AXIS_seed42,0,Pneumonia,0.4641678617615262,0.17815816106895022,0.4641678617615262,0.4101580420015157,0.34634421361200596,0.26187598401350487,0.17366371605191933,0.08409377583525234,0.03253614549642785,0.008051051227885166,0.000657487356131276,3.3333333333333335e-05
AXIS_seed42,1,Pneumothorax,0.39633119778242926,0.187309567344565,0.39633119778242926,0.3703703269115338,0.3404078192027888,0.2934688374697199,0.21130054145627414,0.1481996598705021,0.07769979816349981,0.02826160125137965,0.006593194751408167,0.00046269658611430766
AXIS_seed42,2,Cardiomegaly,0.9159953479256834,0.5640262390771719,0.9159953479256834,0.9127201799890862,0.8794058113446748,0.8587015121257271,0.7195321340473743,0.5863275704928244,0.4347200206529759,0.2401189248297782,0.08641412961723552,0.00632675974635933
AXIS_seed42,3,Aortic enlargement,0.8902726123077733,0.5369020856909092,0.8902726123077733,0.8731594544672127,0.8515550299070076,0.8262164983998257,0.75084784192276,0.5791527836292288,0.39919359279969685,0.16705473834861578,0.031310940016081715,0.0002573651108904336
AXIS_seed42,4,Pleural thickening,0.25282177525445604,0.08381786730429253,0.25282177525445604,0.20051423592752787,0.15687125080959688,0.11693163073160921,0.07089263071615495,0.029586227269928482,0.008091272794222806,0.0023238825248825664,0.00014576701454648025,0.0
AXIS_seed42,5,Pulmonary fibrosis,0.28187160530316413,0.10290012775312132,0.28187160530316413,0.2378930402074367,0.18999516162183439,0.15579807395274256,0.10606972344903966,0.03653429142439246,0.013538518409620458,0.006757632054664672,0.0004937261578233866,4.950495049504951e-05
B2_seed43,0,Pneumonia,0.46499055500727515,0.17821561597490973,0.46499055500727515,0.41040087120083046,0.3466805930816771,0.2619963437896293,0.17476223787689998,0.08355500069467328,0.030954895704454147,0.007769982578619092,0.0010123464817053092,3.3333333333333335e-05
B2_seed43,1,Pneumothorax,0.3966229134801884,0.18867731228812087,0.3966229134801884,0.37077617324527057,0.3404078192027888,0.2936477005197863,0.21130714791446098,0.16173550596307362,0.07293320979573245,0.03202222004044169,0.006857736133351751,0.00046269658611430766
B2_seed43,2,Cardiomegaly,0.9159953479256834,0.5640450046877776,0.9159953479256834,0.9127201799890862,0.8793144978682861,0.8587015121257271,0.7173410513472382,0.5865483476283413,0.4412783267289898,0.2381646725753997,0.08319017525966436,0.007195935429359184
B2_seed43,3,Aortic enlargement,0.8902726123077733,0.5370395290545416,0.8902726123077733,0.8731594544672127,0.8515550299070076,0.8262164983998257,0.7522292791555748,0.5785435268919129,0.3996621925640206,0.16515681083520917,0.03296108814671811,0.0006387978701617858
B2_seed43,4,Pleural thickening,0.252180357656659,0.08351100670830774,0.252180357656659,0.19992956038052306,0.15607842899181235,0.11384735050565756,0.07230150436454114,0.030127709630002296,0.007763200442729592,0.0027361880966058757,0.00014576701454648025,0.0
B2_seed43,5,Pulmonary fibrosis,0.2783026480626123,0.10366215616063576,0.2783026480626123,0.2409451673159501,0.19576847417220428,0.15492438342619536,0.10344793044125919,0.03813169426417474,0.013018454805721537,0.006745967117210703,0.005287337050534648,4.950495049504951e-05
AXIS_seed43,0,Pneumonia,0.46499055500727515,0.17834353517695117,0.46499055500727515,0.41039695590922326,0.3466805930816771,0.2619710573929723,0.17529795761407224,0.08417578947521374,0.031113458726664094,0.00776330474737512,0.0010123464817053092,3.3333333333333335e-05
AXIS_seed43,1,Pneumothorax,0.3967251201113937,0.18868495032768023,0.3967251201113937,0.37031956584235126,0.3404078192027888,0.2936477005197863,0.21140198691215728,0.16173550596307362,0.07312990460199882,0.03216146740378663,0.006857736133351751,0.00046269658611430766
AXIS_seed43,2,Cardiomegaly,0.9159953479256834,0.5637803654544338,0.9159953479256834,0.9127201799890862,0.8795936010725909,0.8587015121257271,0.7173410513472382,0.5865483476283413,0.4412783267289898,0.2381646725753997,0.08026467972192206,0.007195935429359184
AXIS_seed43,3,Aortic enlargement,0.8902726123077733,0.5373513914946005,0.8902726123077733,0.8731594544672127,0.8515550299070076,0.8262164983998257,0.7522292791555748,0.5785435268919129,0.3996621925640206,0.16827543523579847,0.03296108814671811,0.0006387978701617858
AXIS_seed43,4,Pleural thickening,0.252180357656659,0.0835166958712868,0.252180357656659,0.19992956038052306,0.15607842899181235,0.11386855261217352,0.07248421093963558,0.03003044161052776,0.0077134514103841464,0.0027361880966058757,0.00014576701454648025,0.0
AXIS_seed43,5,Pulmonary fibrosis,0.2783026480626123,0.10367333989436633,0.2783026480626123,0.24089639119577178,0.19576847417220428,0.15469313873620177,0.10331350235947084,0.03865798049344057,0.013018454805721537,0.006745967117210703,0.005287337050534648,4.950495049504951e-05
B2_seed44,0,Pneumonia,0.4651253583552298,0.17756046083015567,0.4651253583552298,0.4102645737656935,0.3417484679083709,0.26071697839708574,0.17200999505882264,0.08739320541101246,0.029168598072488706,0.008351138970025445,0.0007929590294941386,3.3333333333333335e-05
B2_seed44,1,Pneumothorax,0.3968267230470349,0.1886458097051302,0.3968267230470349,0.37075561820506897,0.340689839044501,0.29363298350577227,0.21143859277215885,0.15898572838086833,0.07255300512554186,0.0338120349528868,0.007300875431354727,0.00046269658611430766
B2_seed44,2,Cardiomegaly,0.9159953479256834,0.5631175240227972,0.9159953479256834,0.9127201799890862,0.8794058113446748,0.8587015121257271,0.7212487634341543,0.5882517329263315,0.4320644032375786,0.24364508366394103,0.07552951014122125,0.003612895439574669
B2_seed44,3,Aortic enlargement,0.8902726123077733,0.536739072882154,0.8902726123077733,0.8731594544672127,0.8515550299070076,0.8262164983998257,0.7528855631197505,0.5791527836292288,0.39808958390757676,0.1650143735477651,0.0304060316652379,0.0006387978701617858
B2_seed44,4,Pleural thickening,0.25252260830907625,0.08353681802322444,0.25252260830907625,0.2007050287113195,0.1540727577607791,0.10858072140896319,0.07808878370885797,0.02987845598447871,0.009144621316930853,0.0022248604053041353,0.00015034262653458366,0.0
B2_seed44,5,Pulmonary fibrosis,0.28173364019637903,0.10376338025868599,0.28173364019637903,0.23788119579193445,0.19571057323091848,0.15450807907116193,0.1028582855334361,0.03974338821752129,0.01319696603278823,0.006664832511690786,0.005287337050534648,4.950495049504951e-05
AXIS_seed44,0,Pneumonia,0.4651253583552298,0.1774169221678808,0.4651253583552298,0.40942899169943764,0.341288541050378,0.25992649880395,0.1723134560428231,0.08743550384480787,0.02947344054932887,0.008351138970025445,0.0007929590294941386,3.3333333333333335e-05
AXIS_seed44,1,Pneumothorax,0.3968267230470349,0.18855999976991902,0.3968267230470349,0.37073047541307974,0.340689839044501,0.29363298350577227,0.21143859277215885,0.15898572838086833,0.07171906328336744,0.0338120349528868,0.0073018607134066145,0.00046269658611430766
AXIS_seed44,2,Cardiomegaly,0.9159953479256834,0.5633931460392365,0.9159953479256834,0.9127201799890862,0.8794058113446748,0.8587015121257271,0.7212487634341543,0.5882517329263315,0.43525264396569185,0.24364508366394103,0.07552951014122125,0.0031808748758541975
AXIS_seed44,3,Aortic enlargement,0.8902726123077733,0.5370578571485156,0.8902726123077733,0.8731594544672127,0.8515550299070076,0.8262164983998257,0.7528855631197505,0.5791527836292288,0.40127742657119336,0.1650143735477651,0.0304060316652379,0.0006387978701617858
AXIS_seed44,4,Pleural thickening,0.2524291521188895,0.08360183430419357,0.2524291521188895,0.2007994894169302,0.15398245644755582,0.1149517133208483,0.07232177819504562,0.029776431451170454,0.00938821914161052,0.0022233359353388046,0.00014576701454648025,0.0
AXIS_seed44,5,Pulmonary fibrosis,0.28173364019637903,0.10372178911120822,0.28173364019637903,0.23804578499298912,0.19571057323091848,0.15450807907116193,0.1028582855334361,0.039256772013465745,0.01310308156101141,0.006664832511690786,0.005287337050534648,4.950495049504951e-05
